<?xml version="1.0" encoding="UTF-8" ?>
<webTalkData  fileName='usage_statistics_ext_sdk.xml'  majorVersion='1' minorVersion='0' timeStamp='Fri Oct  7 10:05:20 2016'>
<section name="__ROOT__" level="0" order="1" description="">
 <section name="software_version_and_target_device" level="1" order="1" description="">
  <keyValuePair key="beta" value="false" description="" />
  <keyValuePair key="build_version" value="2016.3" description="" />
  <keyValuePair key="date_generated" value="2016-10-07 10:05:19" description="" />
  <keyValuePair key="os_platform" value="amd64" description="" />
  <keyValuePair key="product_version" value="SDK v2016.3" description="" />
  <keyValuePair key="project_id" value="2016.3_2" description="" />
  <keyValuePair key="project_iteration" value="2" description="" />
  <keyValuePair key="random_id" value="d43771kljanph3vamha13rdfc8" description="" />
  <keyValuePair key="registration_id" value="1_2_4_3" description="" />
  <keyValuePair key="route_design" value="NA" description="" />
  <keyValuePair key="target_device" value="NA" description="" />
  <keyValuePair key="target_family" value="NA" description="" />
  <keyValuePair key="target_package" value="NA" description="" />
  <keyValuePair key="target_speed" value="NA" description="" />
  <keyValuePair key="tool_flow" value="SDK" description="" />
 </section>
 <section name="user_environment" level="1" order="2" description="">
  <keyValuePair key="cpu_name" value="Intel(R) Xeon(R) CPU E5-2690 v3 @ 2.60GHz" description="" />
  <keyValuePair key="cpu_speed" value="2593.993 MHz" description="" />
  <keyValuePair key="os_name" value="RedHatEnterpriseWorkstation" description="" />
  <keyValuePair key="os_release" value="Red Hat Enterprise Linux Workstation release 6.6 (Santiago)" description="" />
  <keyValuePair key="system_ram" value="20.000 GB" description="" />
  <keyValuePair key="total_processors" value="2" description="" />
 </section>
 <section name="sdk" level="1" order="3" description="">
  <section name="bsp/1475859642000" level="2" order="1" description="">
   <keyValuePair key="apptemplate" value="null" description="" />
   <keyValuePair key="hwid" value="1475858603000" description="" />
   <keyValuePair key="os" value="standalone" description="" />
   <keyValuePair key="recordtype" value="BSPCreation" description="" />
   <keyValuePair key="uid" value="1475859642000" description="" />
  </section>
  <section name="bsp/1475859919844" level="2" order="2" description="">
   <keyValuePair key="bootgencount" value="1" description="" />
   <keyValuePair key="crosstriggcount" value="0" description="" />
   <keyValuePair key="debugcount" value="0" description="" />
   <keyValuePair key="flashcount" value="0" description="" />
   <keyValuePair key="perfcount" value="0" description="" />
   <keyValuePair key="qemudebugcount" value="0" description="" />
   <keyValuePair key="recordtype" value="ToolUsage" description="" />
   <keyValuePair key="uid" value="NA" description="" />
  </section>
 </section>
 <section name="vivado_usage" level="1" order="4" description="">
 </section>
</section>
</webTalkData>
