<?xml version="1.0" encoding="UTF-8"?>
<GenRun Id="shift_left_synth_1" LaunchPart="xc7a100tcsg324-1" LaunchTime="1635949508">
  <File Type="PA-TCL" Name="shift.tcl"/>
  <File Type="RDS-PROPCONSTRS" Name="shift_drc_synth.rpt"/>
  <File Type="REPORTS-TCL" Name="shift_reports.tcl"/>
  <File Type="RDS-RDS" Name="shift.vds"/>
  <File Type="RDS-UTIL" Name="shift_utilization_synth.rpt"/>
  <File Type="RDS-UTIL-PB" Name="shift_utilization_synth.pb"/>
  <File Type="RDS-DCP" Name="shift.dcp"/>
  <File Type="VDS-TIMINGSUMMARY" Name="shift_timing_summary_synth.rpt"/>
  <File Type="VDS-TIMING-PB" Name="shift_timing_summary_synth.pb"/>
  <FileSet Name="sources" Type="BlockSrcs" RelSrcDir="$PSRCDIR/shift_left">
    <File Path="$PSRCDIR/sources_1/new/shift_left.v">
      <FileInfo>
        <Attr Name="UsedIn" Val="synthesis"/>
        <Attr Name="UsedIn" Val="implementation"/>
        <Attr Name="UsedIn" Val="simulation"/>
      </FileInfo>
    </File>
    <Config>
      <Option Name="TopModule" Val="shift"/>
      <Option Name="TopAutoSet" Val="TRUE"/>
      <Option Name="UseBlackboxStub" Val="1"/>
    </Config>
  </FileSet>
  <FileSet Name="constrs_in" Type="BlockSrcs" RelSrcDir="$PSRCDIR/shift_left">
    <File Path="$PSRCDIR/sources_1/new/shift_left.v">
      <FileInfo>
        <Attr Name="UsedIn" Val="synthesis"/>
        <Attr Name="UsedIn" Val="implementation"/>
        <Attr Name="UsedIn" Val="simulation"/>
      </FileInfo>
    </File>
    <Config>
      <Option Name="TopModule" Val="shift"/>
      <Option Name="TopAutoSet" Val="TRUE"/>
      <Option Name="UseBlackboxStub" Val="1"/>
    </Config>
  </FileSet>
  <FileSet Name="utils" Type="Utils" RelSrcDir="$PSRCDIR/utils_1">
    <Filter Type="Utils"/>
    <Config>
      <Option Name="TopAutoSet" Val="TRUE"/>
    </Config>
  </FileSet>
  <Strategy Version="1" Minor="2">
    <StratHandle Name="Vivado Synthesis Defaults" Flow="Vivado Synthesis 2021">
      <Desc>Vivado Synthesis Defaults</Desc>
    </StratHandle>
    <Step Id="synth_design"/>
  </Strategy>
</GenRun>
