<?xml version="1.0"?>
<Runs Version="1" Minor="0">
	<Run Id="shift_right_synth_1" LaunchDir="C:/Users/nnevesfilho/Projects/project_first_lab/project_first_lab.runs/shift_right_synth_1" FlowId="Vivado_Synthesis" FromStepId="vivado" ToStepId="vivado"/>
	<Run Id="count_up_synth_1" LaunchDir="C:/Users/nnevesfilho/Projects/project_first_lab/project_first_lab.runs/count_up_synth_1" FlowId="Vivado_Synthesis" FromStepId="vivado" ToStepId="vivado"/>
	<Run Id="shift_left_synth_1" LaunchDir="C:/Users/nnevesfilho/Projects/project_first_lab/project_first_lab.runs/shift_left_synth_1" FlowId="Vivado_Synthesis" FromStepId="vivado" ToStepId="vivado"/>
	<Run Id="count_down_synth_1" LaunchDir="C:/Users/nnevesfilho/Projects/project_first_lab/project_first_lab.runs/count_down_synth_1" FlowId="Vivado_Synthesis" FromStepId="vivado" ToStepId="vivado"/>
	<Run Id="synth_1" LaunchDir="C:/Users/nnevesfilho/Projects/project_first_lab/project_first_lab.runs/synth_1" FlowId="Vivado_Synthesis" FromStepId="vivado" ToStepId="vivado">
		<Parent Id="shift_right_synth_1"/>
		<Parent Id="count_up_synth_1"/>
		<Parent Id="shift_left_synth_1"/>
		<Parent Id="count_down_synth_1"/>
	</Run>
	<Parameters>
		<Parameter Name="runs.monitorLSFJobs" Val="true" Type="bool"/>
		<Parameter Name="runs.enableClusterConf" Val="true" Type="bool"/>
	</Parameters>
</Runs>

