<?xml version="1.0"?>
<Runs Version="1" Minor="0">
	<Run Id="impl_1" LaunchDir="C:/Users/nnevesfilho/Projects/project_first_lab/project_first_lab.runs/impl_1" FlowId="Vivado_Implementation" FromStepId="init_design" ToStepId="route_design"/>
	<Run Id="child_0_impl_1" LaunchDir="C:/Users/nnevesfilho/Projects/project_first_lab/project_first_lab.runs/child_0_impl_1" FlowId="Vivado_Implementation" FromStepId="init_design" ToStepId="route_design">
		<Parent Id="impl_1"/>
	</Run>
	<Parameters>
		<Parameter Name="runs.monitorLSFJobs" Val="true" Type="bool"/>
		<Parameter Name="runs.enableClusterConf" Val="true" Type="bool"/>
	</Parameters>
</Runs>

