<?xml version="1.0" encoding="UTF-8"?>
<GenRun Id="count_up_synth_1" LaunchPart="xc7a100tcsg324-1" LaunchTime="1635949673">
  <File Type="PA-TCL" Name="count.tcl"/>
  <File Type="RDS-PROPCONSTRS" Name="count_drc_synth.rpt"/>
  <File Type="REPORTS-TCL" Name="count_reports.tcl"/>
  <File Type="RDS-RDS" Name="count.vds"/>
  <File Type="RDS-UTIL" Name="count_utilization_synth.rpt"/>
  <File Type="RDS-UTIL-PB" Name="count_utilization_synth.pb"/>
  <File Type="RDS-DCP" Name="count.dcp"/>
  <File Type="VDS-TIMINGSUMMARY" Name="count_timing_summary_synth.rpt"/>
  <File Type="VDS-TIMING-PB" Name="count_timing_summary_synth.pb"/>
  <FileSet Name="sources" Type="BlockSrcs" RelSrcDir="$PSRCDIR/count_up">
    <File Path="$PSRCDIR/sources_1/new/count_up.v">
      <FileInfo>
        <Attr Name="UsedIn" Val="synthesis"/>
        <Attr Name="UsedIn" Val="implementation"/>
        <Attr Name="UsedIn" Val="simulation"/>
      </FileInfo>
    </File>
    <Config>
      <Option Name="TopModule" Val="count"/>
      <Option Name="TopRTLFile" Val="$PSRCDIR/sources_1/new/count_up.v"/>
      <Option Name="UseBlackboxStub" Val="1"/>
    </Config>
  </FileSet>
  <FileSet Name="constrs_in" Type="BlockSrcs" RelSrcDir="$PSRCDIR/count_up">
    <File Path="$PSRCDIR/sources_1/new/count_up.v">
      <FileInfo>
        <Attr Name="UsedIn" Val="synthesis"/>
        <Attr Name="UsedIn" Val="implementation"/>
        <Attr Name="UsedIn" Val="simulation"/>
      </FileInfo>
    </File>
    <Config>
      <Option Name="TopModule" Val="count"/>
      <Option Name="TopRTLFile" Val="$PSRCDIR/sources_1/new/count_up.v"/>
      <Option Name="UseBlackboxStub" Val="1"/>
    </Config>
  </FileSet>
  <FileSet Name="utils" Type="Utils" RelSrcDir="$PSRCDIR/utils_1">
    <Filter Type="Utils"/>
    <Config>
      <Option Name="TopAutoSet" Val="TRUE"/>
    </Config>
  </FileSet>
  <Strategy Version="1" Minor="2">
    <StratHandle Name="Vivado Synthesis Defaults" Flow="Vivado Synthesis 2021">
      <Desc>Vivado Synthesis Defaults</Desc>
    </StratHandle>
    <Step Id="synth_design"/>
  </Strategy>
</GenRun>
